CNP,name,age,sex,assignedDoctor,details
1183604779041,Kurly John,78,female,null,44.837498
7899958827373,Davidof Paul,50,male,null,48.34754
9439497760034,Kurly Paul,66,female,null,36.582207
3146329777298,Pit Paul,78,female,null,32.41078
1528602646604,Peterson Paul,44,female,null,81.361465
