CNP,name,age,sex,assignedDoctor,details
6890813216222,Kurly Milly,21,male,null,90.5414
8093714718364,Pit John,88,male,null,65.913025
9589005070607,Smith Diana,35,female,null,47.1547
1609670490170,Smith Paul,51,male,null,24.71727
5350802870953,Davidof Paul,59,female,null,31.62865
